table,column,data_type,row_count,missing_count,missing_pct,unique_count
customers,customer_id,float64,40010,100,0.25,39900
customers,customer_since,str,40010,0,0.0,3623
customers,region,str,40010,0,0.0,5
customers,customer_type,str,40010,0,0.0,3
vehicles,vehicle_id,int64,50000,0,0.0,50000
vehicles,customer_id,int64,50000,0,0.0,28578
vehicles,vehicle_model,str,50000,0,0.0,8
vehicles,model_year,int64,50000,0,0.0,12
vehicles,powertrain,str,50000,0,0.0,4
vehicles,vehicle_age,int64,50000,0,0.0,12
vehicles,warranty_status,str,50000,0,0.0,2
dealers,dealer_id,int64,200,0,0.0,200
dealers,region,str,200,0,0.0,5
dealers,dealer_type,str,200,0,0.0,3
dealers,service_bay_count,int64,200,0,0.0,23
dealers,technician_count,int64,200,0,0.0,31
appointments,appointment_id,int64,120000,0,0.0,120000
appointments,customer_id,int64,120000,0,0.0,27203
appointments,vehicle_id,int64,120000,0,0.0,45476
appointments,dealer_id,int64,120000,0,0.0,201
appointments,booking_date,str,120000,0,0.0,546
appointments,appointment_date,str,120000,0,0.0,575
appointments,service_type,str,120000,0,0.0,8
appointments,scheduled_duration_hours,float64,120000,0,0.0,451
appointments,appointment_status,str,120000,0,0.0,3
appointments,promised_completion,str,120000,0,0.0,95285
service_visits,visit_id,int64,100000,0,0.0,100000
service_visits,appointment_id,int64,100000,0,0.0,100000
service_visits,check_in_time,str,100000,0,0.0,100000
service_visits,service_start_time,str,100000,0,0.0,100000
service_visits,completion_time,str,100000,0,0.0,100000
service_visits,visit_status,str,100000,0,0.0,1
service_visits,actual_duration_hours,float64,100000,0,0.0,100000
service_visits,promised_completion,str,100000,0,0.0,82229
service_visits,delay_hours,float64,100000,0,0.0,100000
service_visits,delay_flag,int64,100000,0,0.0,2
service_visits,first_time_fix_flag,int64,100000,0,0.0,2
service_visits,dealer_id,int64,100000,0,0.0,200
service_visits,service_type,str,100000,0,0.0,8
service_visits,service_bay_count,int64,100000,0,0.0,23
service_visits,technician_count,int64,100000,0,0.0,31
repairs,repair_id,int64,200000,0,0.0,200000
repairs,visit_id,int64,200000,0,0.0,86442
repairs,repair_category,str,200000,0,0.0,11
repairs,estimated_hours,float64,200000,0,0.0,451
repairs,actual_hours,float64,200000,0,0.0,965
repairs,repair_status,str,200000,0,0.0,2
parts,part_transaction_id,int64,250000,0,0.0,250000
parts,repair_id,int64,250000,0,0.0,142688
parts,part_id,int64,250000,0,0.0,84484
parts,part_order_date,str,250000,0,0.0,546
parts,part_received_date,str,250000,300,0.12,560
parts,parts_delay_flag,int64,250000,0,0.0,2
customer_surveys,survey_id,int64,50000,0,0.0,50000
customer_surveys,visit_id,int64,50000,0,0.0,50000
customer_surveys,survey_date,str,50000,0,0.0,1
customer_surveys,csat_score,float64,50000,250,0.5,5
customer_surveys,complaint_flag,int64,50000,0,0.0,2
