dealer_id,region,dealer_type,service_bay_count,technician_count
1,South,Urban,19,20
2,East,Suburban,8,35
3,North,Urban,21,12
4,North,Suburban,24,21
5,South,Suburban,12,30
6,South,Suburban,11,16
7,South,Urban,10,29
8,South,Rural,23,19
9,West,Suburban,12,15
10,West,Suburban,9,40
11,North,Suburban,20,29
12,East,Suburban,12,28
13,North,Suburban,17,34
14,North,Suburban,28,10
15,West,Suburban,15,34
16,South,Suburban,30,35
17,South,Urban,10,22
18,North,Suburban,25,17
19,East,Suburban,18,11
20,East,Suburban,30,37
21,South,Urban,18,37
22,North,Urban,20,29
23,North,Urban,14,29
24,South,Urban,28,34
25,West,Urban,11,16
26,North,Urban,13,16
27,Central,Urban,14,32
28,Central,Rural,17,19
29,North,Suburban,17,37
30,Central,Rural,28,37
31,North,Suburban,15,36
32,North,Rural,22,39
33,West,Suburban,18,20
34,West,Urban,26,11
35,South,Suburban,22,22
36,Central,Urban,12,31
37,West,Suburban,12,34
38,South,Suburban,13,13
39,West,Rural,19,30
40,East,Urban,30,33
41,East,Suburban,22,15
42,East,Urban,14,17
43,South,Suburban,23,22
44,Central,Rural,25,12
45,Central,Suburban,20,10
46,South,Urban,25,14
47,South,Suburban,8,18
48,West,Suburban,16,24
49,West,Urban,27,18
50,West,Suburban,25,21
51,South,Rural,15,32
52,Central,Urban,19,28
53,East,Urban,29,13
54,South,Suburban,9,31
55,West,Urban,14,14
56,West,Rural,24,16
57,East,Urban,30,14
58,West,Suburban,28,37
59,North,Suburban,25,11
60,East,Suburban,24,24
61,West,Rural,21,21
62,North,Urban,27,31
63,South,Suburban,13,23
64,North,Suburban,18,18
65,East,Suburban,10,16
66,South,Urban,20,38
67,South,Urban,10,33
68,West,Urban,10,24
69,North,Suburban,19,22
70,West,Rural,15,40
71,North,Urban,25,21
72,South,Suburban,16,27
73,South,Urban,13,13
74,North,Suburban,13,17
75,South,Urban,11,30
76,Central,Urban,30,20
77,South,Suburban,25,29
78,West,Suburban,28,35
79,Central,Suburban,20,34
80,Central,Urban,16,24
81,West,Urban,8,17
82,South,Suburban,21,18
83,North,Suburban,29,30
84,North,Urban,14,22
85,North,Suburban,13,25
86,South,Rural,21,14
87,West,Suburban,26,10
88,South,Urban,20,24
89,East,Urban,24,31
90,East,Suburban,18,34
91,East,Suburban,21,17
92,North,Urban,17,28
93,East,Suburban,30,32
94,Central,Suburban,24,32
95,West,Urban,30,11
96,East,Rural,18,20
97,South,Rural,28,20
98,North,Urban,27,11
99,North,Suburban,23,11
100,South,Suburban,28,28
101,East,Rural,20,31
102,South,Suburban,20,24
103,South,Suburban,28,33
104,West,Rural,26,20
105,Central,Suburban,11,31
106,West,Urban,13,11
107,East,Urban,17,40
108,Central,Urban,28,30
109,North,Suburban,22,21
110,West,Suburban,15,12
111,East,Suburban,12,21
112,East,Suburban,25,29
113,Central,Urban,23,11
114,South,Suburban,10,39
115,East,Suburban,12,10
116,South,Suburban,25,33
117,South,Suburban,21,12
118,West,Urban,27,28
119,East,Suburban,13,36
120,Central,Rural,24,21
121,Central,Suburban,25,33
122,Central,Suburban,11,10
123,South,Suburban,27,23
124,West,Urban,26,32
125,East,Suburban,13,10
126,West,Rural,23,26
127,Central,Suburban,17,38
128,East,Urban,16,14
129,Central,Suburban,29,16
130,East,Suburban,27,38
131,South,Urban,30,34
132,North,Rural,27,31
133,West,Rural,20,34
134,West,Urban,29,40
135,South,Urban,10,15
136,East,Rural,15,26
137,Central,Urban,26,14
138,South,Rural,19,19
139,West,Urban,26,31
140,West,Urban,12,21
141,South,Urban,27,18
142,West,Suburban,8,17
143,West,Rural,12,30
144,North,Suburban,22,31
145,North,Rural,29,28
146,West,Rural,25,23
147,North,Urban,17,18
148,South,Urban,11,10
149,West,Urban,16,26
150,West,Suburban,21,16
151,Central,Suburban,16,15
152,Central,Urban,29,32
153,East,Suburban,18,21
154,West,Rural,26,37
155,North,Rural,22,28
156,Central,Suburban,21,33
157,West,Suburban,14,27
158,West,Urban,8,16
159,East,Suburban,21,24
160,North,Urban,30,38
161,South,Suburban,19,27
162,North,Urban,10,30
163,North,Suburban,20,34
164,South,Urban,15,28
165,Central,Rural,25,19
166,South,Suburban,16,20
167,Central,Suburban,13,12
168,West,Suburban,9,37
169,South,Rural,9,19
170,Central,Suburban,19,13
171,Central,Urban,8,23
172,North,Urban,26,20
173,West,Suburban,8,15
174,North,Suburban,26,29
175,West,Urban,27,19
176,West,Suburban,19,18
177,Central,Urban,29,19
178,North,Rural,29,25
179,South,Suburban,13,22
180,North,Suburban,14,30
181,Central,Suburban,22,11
182,Central,Urban,27,23
183,North,Urban,14,17
184,North,Rural,19,19
185,West,Urban,10,38
186,North,Urban,16,26
187,North,Suburban,17,37
188,Central,Suburban,23,36
189,North,Urban,8,34
190,West,Suburban,16,40
191,Central,Urban,21,13
192,North,Urban,30,12
193,Central,Suburban,24,37
194,East,Rural,11,34
195,South,Rural,21,28
196,West,Suburban,30,18
197,West,Urban,19,30
198,South,Suburban,11,38
199,Central,Urban,25,19
200,South,Suburban,24,12
