feature,coefficient,absolute_coefficient
numeric__scheduled_duration_hours,-1.769868815630869,1.769868815630869
categorical__dealer_id_27,-0.7666444556167304,0.7666444556167304
categorical__dealer_id_29,0.6973504741539036,0.6973504741539036
categorical__dealer_id_190,-0.6964412310226392,0.6964412310226392
categorical__dealer_id_75,-0.6911979198559047,0.6911979198559047
categorical__dealer_id_127,-0.6794596664421264,0.6794596664421264
categorical__dealer_id_198,-0.6669611408363105,0.6669611408363105
categorical__dealer_id_12,-0.6551029548284758,0.6551029548284758
categorical__dealer_id_168,-0.6286515230159683,0.6286515230159683
categorical__dealer_id_31,-0.612875824207681,0.612875824207681
categorical__dealer_id_37,-0.6049529806438277,0.6049529806438277
categorical__dealer_id_107,-0.5571393271817277,0.5571393271817277
categorical__dealer_id_119,-0.5480543792736934,0.5480543792736934
categorical__dealer_id_114,-0.5469895254242185,0.5469895254242185
categorical__dealer_id_143,-0.538264394713512,0.538264394713512
categorical__dealer_id_2,-0.5329559871462978,0.5329559871462978
categorical__dealer_id_70,-0.5328968826868536,0.5328968826868536
categorical__dealer_id_189,-0.5206132404384546,0.5206132404384546
categorical__dealer_id_67,-0.5143605353866126,0.5143605353866126
categorical__dealer_id_36,-0.47911332028597675,0.47911332028597675
categorical__dealer_id_98,0.47883030473589006,0.47883030473589006
categorical__dealer_id_117,-0.4758577987796669,0.4758577987796669
categorical__dealer_id_105,-0.47218374069294455,0.47218374069294455
categorical__dealer_id_47,-0.4569703671148448,0.4569703671148448
categorical__dealer_id_164,0.43569602476845776,0.43569602476845776
categorical__dealer_id_146,0.4225670212441913,0.4225670212441913
categorical__dealer_id_15,-0.4191030892088005,0.4191030892088005
categorical__dealer_id_10,-0.41450389918643127,0.41450389918643127
categorical__dealer_id_142,0.41406119505320427,0.41406119505320427
categorical__dealer_id_68,-0.40532792001605056,0.40532792001605056
categorical__dealer_id_150,0.4019439150898127,0.4019439150898127
categorical__dealer_id_171,-0.3996118870174612,0.3996118870174612
categorical__dealer_id_93,0.3784079334047775,0.3784079334047775
categorical__dealer_id_54,-0.37700474343360757,0.37700474343360757
categorical__dealer_id_181,0.372380958128263,0.372380958128263
categorical__dealer_id_35,0.3419254183150406,0.3419254183150406
categorical__dealer_id_175,0.33838226695190304,0.33838226695190304
categorical__dealer_id_194,-0.33483171527918615,0.33483171527918615
categorical__dealer_id_32,0.3283683005858897,0.3283683005858897
categorical__dealer_id_162,-0.3182917890190872,0.3182917890190872
categorical__dealer_id_104,0.31798260646816195,0.31798260646816195
categorical__dealer_id_52,0.31166610696798325,0.31166610696798325
categorical__dealer_id_84,0.309515764070544,0.309515764070544
categorical__dealer_id_64,0.3085171725317718,0.3085171725317718
categorical__dealer_id_180,0.30850166036275445,0.30850166036275445
categorical__dealer_id_174,0.30105439222880775,0.30105439222880775
categorical__dealer_id_5,-0.2999080080081599,0.2999080080081599
categorical__dealer_id_78,0.28895048168539517,0.28895048168539517
categorical__dealer_id_184,0.2843198039218339,0.2843198039218339
categorical__dealer_id_192,0.2841406927540498,0.2841406927540498
categorical__dealer_id_57,0.27809663248950356,0.27809663248950356
categorical__dealer_id_19,0.2777807272116473,0.2777807272116473
categorical__dealer_id_7,-0.2767968005776526,0.2767968005776526
categorical__dealer_id_28,0.2766394476024445,0.2766394476024445
categorical__dealer_id_115,-0.2637170110633,0.2637170110633
categorical__dealer_id_130,0.2616705275608976,0.2616705275608976
categorical__dealer_id_118,0.2597554897258826,0.2597554897258826
categorical__dealer_id_82,0.25604614783161983,0.25604614783161983
categorical__dealer_id_43,0.2488516802025197,0.2488516802025197
categorical__dealer_id_63,0.24737698269978245,0.24737698269978245
categorical__dealer_id_185,-0.2466985287841287,0.2466985287841287
categorical__dealer_id_58,0.24367811406531795,0.24367811406531795
categorical__dealer_id_110,0.2433962689106633,0.2433962689106633
categorical__dealer_id_177,0.23577500230344925,0.23577500230344925
categorical__dealer_id_158,0.23030079512119392,0.23030079512119392
categorical__dealer_id_129,0.2249105541311111,0.2249105541311111
categorical__dealer_id_81,0.22231313096433292,0.22231313096433292
categorical__dealer_id_16,0.22217411145306373,0.22217411145306373
categorical__dealer_id_144,0.2219928614208868,0.2219928614208868
categorical__dealer_id_199,0.21929533372851293,0.21929533372851293
categorical__dealer_id_112,0.21264952866195538,0.21264952866195538
categorical__dealer_id_94,-0.2124842527346675,0.2124842527346675
categorical__dealer_id_45,0.21212569370046672,0.21212569370046672
categorical__dealer_id_41,0.19712906678469103,0.19712906678469103
categorical__dealer_id_124,0.19490909776257598,0.19490909776257598
categorical__dealer_id_30,0.18669479619753765,0.18669479619753765
categorical__dealer_id_126,0.18411397952644948,0.18411397952644948
categorical__dealer_id_139,0.18084737140608262,0.18084737140608262
categorical__dealer_id_163,0.18052755398780537,0.18052755398780537
categorical__dealer_id_186,0.1802878297410237,0.1802878297410237
categorical__dealer_id_69,-0.17887872437554025,0.17887872437554025
categorical__dealer_id_151,0.17804489949494223,0.17804489949494223
categorical__dealer_id_86,0.17736032257863446,0.17736032257863446
categorical__dealer_id_83,0.17569605801902669,0.17569605801902669
categorical__dealer_id_62,0.17414183044435483,0.17414183044435483
categorical__dealer_id_131,0.17384282804618548,0.17384282804618548
categorical__dealer_id_14,0.1735129710957723,0.1735129710957723
categorical__dealer_id_138,-0.17300681980039187,0.17300681980039187
categorical__dealer_id_65,-0.1721249702443916,0.1721249702443916
categorical__dealer_id_159,0.17107432649394375,0.17107432649394375
categorical__dealer_id_137,0.16953786441437077,0.16953786441437077
categorical__dealer_id_3,0.16953406991473968,0.16953406991473968
categorical__dealer_id_170,0.16780835405119737,0.16780835405119737
categorical__dealer_id_88,0.16687887917101965,0.16687887917101965
categorical__dealer_id_51,-0.1665756842082801,0.1665756842082801
categorical__dealer_id_169,0.16647676459434424,0.16647676459434424
categorical__dealer_id_92,0.1658157719885589,0.1658157719885589
categorical__dealer_id_9,0.16494375856470775,0.16494375856470775
categorical__dealer_id_147,0.1630383018211065,0.1630383018211065
categorical__dealer_id_133,0.156137482324324,0.156137482324324
categorical__dealer_id_128,-0.15542416669404227,0.15542416669404227
categorical__dealer_id_38,-0.1492507672306737,0.1492507672306737
categorical__dealer_id_176,0.14332473160811843,0.14332473160811843
categorical__service_type_Recall,0.13594170472974856,0.13594170472974856
categorical__dealer_id_196,0.13287239962753292,0.13287239962753292
categorical__dealer_id_39,0.12939087207768263,0.12939087207768263
categorical__dealer_id_23,0.12860793124126668,0.12860793124126668
categorical__dealer_id_99,0.1263636617941687,0.1263636617941687
categorical__dealer_id_96,-0.12565729297386494,0.12565729297386494
categorical__dealer_id_102,0.12143579396455813,0.12143579396455813
categorical__dealer_id_25,0.12132714010784901,0.12132714010784901
categorical__dealer_id_116,-0.11656006408798394,0.11656006408798394
categorical__dealer_id_179,0.11567341884367144,0.11567341884367144
categorical__dealer_id_183,0.11219916840461637,0.11219916840461637
categorical__dealer_id_165,-0.1119759189497845,0.1119759189497845
categorical__service_type_Brake Service,0.11103269978078828,0.11103269978078828
categorical__dealer_id_13,0.10602214034119259,0.10602214034119259
categorical__dealer_id_187,0.10486842909075506,0.10486842909075506
categorical__dealer_id_4,-0.10485118883967806,0.10485118883967806
categorical__dealer_id_8,-0.10302079036108938,0.10302079036108938
categorical__dealer_id_26,0.10201681422104307,0.10201681422104307
categorical__dealer_id_24,0.10105653205499614,0.10105653205499614
categorical__dealer_id_85,-0.100605241720073,0.100605241720073
categorical__dealer_id_101,-0.09702029062056834,0.09702029062056834
categorical__dealer_id_91,-0.09529575745849156,0.09529575745849156
categorical__dealer_id_18,0.09317702621926284,0.09317702621926284
categorical__dealer_id_60,0.09315277209838431,0.09315277209838431
categorical__dealer_id_59,-0.09232566933465715,0.09232566933465715
categorical__service_type_Scheduled Maintenance,0.09217854664893059,0.09217854664893059
categorical__dealer_id_154,0.08923029590360061,0.08923029590360061
categorical__dealer_id_134,0.08804773936886004,0.08804773936886004
categorical__dealer_id_161,0.08639676666727852,0.08639676666727852
categorical__dealer_id_76,-0.08590672380798638,0.08590672380798638
categorical__dealer_id_48,0.0848094587074434,0.0848094587074434
categorical__dealer_id_140,0.08479336737447796,0.08479336737447796
categorical__dealer_id_80,0.08416581298033632,0.08416581298033632
categorical__dealer_id_152,-0.08387233771414672,0.08387233771414672
categorical__dealer_id_145,0.08350766099174371,0.08350766099174371
categorical__dealer_id_55,0.08279625466019463,0.08279625466019463
categorical__service_type_Warranty Repair,0.07791756726250067,0.07791756726250067
categorical__dealer_id_182,-0.07679840314843993,0.07679840314843993
categorical__dealer_id_40,0.07652491517673772,0.07652491517673772
categorical__dealer_id_157,0.07371717450673246,0.07371717450673246
categorical__dealer_id_132,0.07274157217296348,0.07274157217296348
categorical__service_type_General Repair,0.0715281734047733,0.0715281734047733
categorical__service_type_Electrical,0.07140875618595682,0.07140875618595682
categorical__dealer_id_73,-0.07133377157696966,0.07133377157696966
categorical__dealer_id_103,-0.07105317350270224,0.07105317350270224
categorical__dealer_id_100,0.06935977283678009,0.06935977283678009
categorical__dealer_id_123,0.06907652249339499,0.06907652249339499
categorical__dealer_id_95,-0.06609148685577025,0.06609148685577025
categorical__dealer_id_120,0.06555323746869411,0.06555323746869411
categorical__dealer_id_122,0.06400158327908798,0.06400158327908798
categorical__dealer_id_44,0.06035077514702407,0.06035077514702407
categorical__dealer_id_90,0.060201644503994026,0.060201644503994026
categorical__dealer_id_53,0.05951040396032704,0.05951040396032704
categorical__dealer_id_193,-0.05845781580607402,0.05845781580607402
categorical__dealer_id_108,0.05471606175363281,0.05471606175363281
categorical__dealer_id_167,-0.05437923566179709,0.05437923566179709
categorical__dealer_id_111,-0.053587365315464,0.053587365315464
categorical__dealer_id_178,-0.05108857059404784,0.05108857059404784
categorical__dealer_id_56,0.05094155627751865,0.05094155627751865
categorical__dealer_id_109,-0.05056007331940105,0.05056007331940105
categorical__dealer_id_33,-0.04991101412629286,0.04991101412629286
categorical__dealer_id_155,-0.04950818670038524,0.04950818670038524
categorical__dealer_id_136,0.04901003098593767,0.04901003098593767
categorical__dealer_id_17,0.04776334373449858,0.04776334373449858
categorical__dealer_id_172,0.04374009445186717,0.04374009445186717
categorical__dealer_id_173,-0.04352353969487927,0.04352353969487927
categorical__dealer_id_49,0.04207980900140007,0.04207980900140007
categorical__dealer_id_61,-0.039400985614554115,0.039400985614554115
categorical__dealer_id_1,-0.03900238332914984,0.03900238332914984
categorical__dealer_id_87,0.03465655061338608,0.03465655061338608
categorical__dealer_id_156,0.033881225153245556,0.033881225153245556
categorical__dealer_id_71,0.03284374552015496,0.03284374552015496
categorical__service_type_AC Service,0.03161387726945571,0.03161387726945571
categorical__dealer_id_197,-0.03159797997914053,0.03159797997914053
categorical__dealer_id_148,0.03022796318108753,0.03022796318108753
categorical__dealer_id_6,0.029682644288132647,0.029682644288132647
categorical__dealer_id_153,-0.028093270849409737,0.028093270849409737
categorical__dealer_id_141,-0.027900067314249384,0.027900067314249384
categorical__dealer_id_188,0.027115899605126698,0.027115899605126698
categorical__dealer_id_79,0.026778273107436246,0.026778273107436246
categorical__dealer_id_106,0.026186412802432908,0.026186412802432908
categorical__dealer_id_66,0.025033287742010146,0.025033287742010146
categorical__dealer_id_195,0.022373304560192014,0.022373304560192014
categorical__dealer_id_160,0.021725134615305775,0.021725134615305775
categorical__dealer_id_74,0.021656029001123126,0.021656029001123126
categorical__dealer_id_121,0.020955144231565553,0.020955144231565553
categorical__dealer_id_72,0.019705307894470763,0.019705307894470763
categorical__dealer_id_46,-0.0194535517259753,0.0194535517259753
categorical__dealer_id_20,0.018992944283487995,0.018992944283487995
categorical__service_type_Tire Service,0.018972166459220265,0.018972166459220265
numeric__parts_delay_days,0.01625980761441814,0.01625980761441814
categorical__dealer_id_21,0.015639140611579866,0.015639140611579866
categorical__dealer_id_191,0.011795708298552482,0.011795708298552482
categorical__dealer_id_22,0.010695927536777346,0.010695927536777346
categorical__dealer_id_97,0.009948683925508819,0.009948683925508819
categorical__dealer_id_149,0.00960915023580947,0.00960915023580947
categorical__dealer_id_135,-0.008015859722605366,0.008015859722605366
numeric__parts_delayed,-0.007813023883009612,0.007813023883009612
categorical__dealer_id_125,-0.00734340037176779,0.00734340037176779
categorical__dealer_id_42,0.0069647061183799345,0.0069647061183799345
categorical__dealer_id_11,-0.004192143180105328,0.004192143180105328
categorical__dealer_id_113,0.002369121489227799,0.002369121489227799
categorical__dealer_id_166,-0.002148938708094625,0.002148938708094625
numeric__lead_time_days,0.0020274228537091963,0.0020274228537091963
categorical__dealer_id_77,0.0014584402096773535,0.0014584402096773535
categorical__dealer_id_50,0.0014077072595336366,0.0014077072595336366
categorical__dealer_id_34,-0.0007612876073227509,0.0007612876073227509
categorical__dealer_id_200,-0.0006227194115092129,0.0006227194115092129
categorical__dealer_id_89,-0.0002348758129847705,0.0002348758129847705
